variant,recall@10,ndcg@10
softmax,0.0708,0.03175844532804536
sigmoid,0.04945,0.0218371276497977
